Position Title,Date,Apply,Work Model,Location,Company,Company Size,Salary,Is New Grad
Junior Full Stack Software Developer,2026-01-08,https://jobright.ai/jobs/info/6925019038cd5478a8d61490?utm_source=1100&utm_campaign=Software Engineering,Remote,Canada,Rewind,101-250,CA$85000-CA$95000 /yr,
Software Engineer: Azure Hyperscale,2026-01-08,https://jobright.ai/jobs/info/695fd1bea1bbea1d9a7a8e8b?utm_source=1100&utm_campaign=Software Engineering,Remote,United States,Microsoft,10000+,$84200-$165200 /yr,
"Software Engineer I, Entry-Level (Graduation Date: Fall 2025-Summer 2026)",2026-01-08,https://jobright.ai/jobs/info/68e42479f758fe1f97e647f3?utm_source=1100&utm_campaign=Software Engineering,Remote,"Multi Location
San Francisco, CA
Seattle, WA
New York, NY
Sunnyvale, CA
Los Angeles, CA",DoorDash,10000+,$107400-$158000 /yr,
Advanced Degree Software Engineer - Global Industries,2026-01-08,https://jobright.ai/jobs/info/6947017263141d188456b1d7?utm_source=1100&utm_campaign=Software Engineering,Remote,United States,Oracle,10000+,$68K-$158K /yr,
Advanced Degree Software Engineer - Database Technologies,2026-01-08,https://jobright.ai/jobs/info/6946e53e63141d188456a016?utm_source=1100&utm_campaign=Software Engineering,Remote,United States,Oracle,10000+,$68K-$158K /yr,
Software Engineer,2026-01-07,https://jobright.ai/jobs/info/695f4d89a112b402660e0504?utm_source=1100&utm_campaign=Software Engineering,Remote,United States,Marigold,1001-5000,$70K-$80K /yr,
Software Engineer,2026-01-07,https://jobright.ai/jobs/info/695f2c64a112b402660df512?utm_source=1100&utm_campaign=Software Engineering,Remote,"Remote, United States",Marigold,1001-5000,$70000-$80000 /yr,
Software Engineer 1 - Identity Security,2026-01-07,https://jobright.ai/jobs/info/695ee98ba112b402660da601?utm_source=1100&utm_campaign=Software Engineering,Remote,Remote - USA,Abnormal AI,1001-5000,$127500-$150000 /yr,
Java Software Engineer I (Remote within the USA),2026-01-07,https://jobright.ai/jobs/info/69248a7fec574f4265bb44b7?utm_source=1100&utm_campaign=Software Engineering,Remote,United States,Businessolver,1001-5000,$50K-$90K /yr,
Software Engineer: Azure One Fleet Platform,2026-01-07,https://jobright.ai/jobs/info/695e6d2e0badca5763aee873?utm_source=1100&utm_campaign=Software Engineering,Remote,United States,Microsoft,10000+,$84K-$180K /yr,
"Software Engineer II, Backend (Identity Decisioning)",2026-01-07,https://jobright.ai/jobs/info/69420a7f50bbaf765053db77?utm_source=1100&utm_campaign=Software Engineering,Hybrid,"Multi Location
Miami, FL
Dallas, TX
Pittsburgh, PA
San Francisco, CA
Baltimore, MD
Philadelphia, PA
Los Angeles, CA
Portland, OR
San Diego, CA
Richmond, VA
Austin, TX
Phoenix, AZ
Chicago, IL
Minneapolis, MN
Salt Lake City, UT
San Jose, CA
Denver, CO
Houston, TX
Nashville, TN
Raleigh, NC
Madison, WI
Seattle, WA
Atlanta, GA
Las Vegas, NV
Detroit, MI
Palo Alto, CA
Boston, MA
New York, NY
Charlotte, NC
St Louis, MO
Cleveland, OH
Boulder, CO
Boise, ID
Sioux Falls, SD
Washington, DC",Affirm,1001-5000,$160000-$210000 /yr,
Software Engineer (Takeoff),2026-01-07,https://jobright.ai/jobs/info/691311c8d1047e3565d013c9?utm_source=1100&utm_campaign=Software Engineering,Remote,United States,Pilot.com,251-500,$98K-$168K /yr,
Software Engineer (Full-Stack),2026-01-07,https://jobright.ai/jobs/info/691c078515b415636719565b?utm_source=1100&utm_campaign=Software Engineering,Remote,United States,Runpod,51-100,$130K-$200K /yr,
Software Engineer CMSS,2026-01-06,https://jobright.ai/jobs/info/695de93f821f2713684b0c22?utm_source=1100&utm_campaign=Software Engineering,On Site,"Multi Location
Houston, TX
US-TX-Houston",Amentum,10000+,,
Software Development Engineer,2026-01-06,https://jobright.ai/jobs/info/695ddec9e4cdbb1454cfda45?utm_source=1100&utm_campaign=Software Engineering,Remote,"Cambridge, MA",Audible,1001-5000,$100K-$185K /yr,
Junior Software Developer,2026-01-06,https://jobright.ai/jobs/info/695ddb6ae4cdbb1454cfd48e?utm_source=1100&utm_campaign=Software Engineering,Remote,"Multi Location
Newport News, VA
Remote, US",Leidos,10000+,$57850-$104575 /yr,yes
"Software Engineer II, Backend (Identity Decisioning)",2026-01-06,https://jobright.ai/jobs/info/6940931caa598a08c3f03f03?utm_source=1100&utm_campaign=Software Engineering,Remote,Remote Canada,Affirm,1001-5000,"$125,000-$175,000 /yr",
Full Stack Software Engineer,2026-01-06,https://jobright.ai/jobs/info/695db7b2efe5dd5cbd3d8d4e?utm_source=1100&utm_campaign=Software Engineering,Remote,United States,Privacy.com,101-250,$119000-$175000 /yr,
Associate Software Development Engineer,2026-01-06,https://jobright.ai/jobs/info/695d7f7af1f8465b79f3adad?utm_source=1100&utm_campaign=Software Engineering,On Site,"Dallas, TX, US","XiFin, Inc.",501-1000,$70000-$90000 /yr,
SOFTWARE ENGINEER,2026-01-06,https://jobright.ai/jobs/info/695d9e7df5f3c43f38e2848c?utm_source=1100&utm_campaign=Software Engineering,On Site,"Richardson, TX",ComTec Solutions,11-50,$90K-$117K /yr,
SOFTWARE ENGINEER,2026-01-06,https://jobright.ai/jobs/info/695de6d5821f2713684b09fe?utm_source=1100&utm_campaign=Software Engineering,On Site,"Richardson, Texas",ComTec Solutions,11-50,$90000-$117000 /yr,
Junior Software Developer,2026-01-06,https://jobright.ai/jobs/info/695d8ba8f1f8465b79f3c74f?utm_source=1100&utm_campaign=Software Engineering,Remote,"Multi Location
Remote, Remote, BC, CA
Remote Toronto, Toronto, ON, CA
Kelowna, Kelowna, BC, CA
Remote Calgary, Calgary, AB, CA
Remote Vancouver, Vancouver, BC, CA",QHR Technologies,251-500,CAD60000-CAD70000 /yr,yes
Full-Stack Software Engineer (New Grad) – Remote,2026-01-06,https://jobright.ai/jobs/info/695d5730f1f8465b79f38590?utm_source=1100&utm_campaign=Software Engineering,Remote,United States,SpruceID,11-50,$110000-$150000 /yr,yes
Software Engineer & Computer Science - Recent Grad/Full Time,2026-01-06,https://jobright.ai/jobs/info/695a24f7aa05c26e7ab3bcbf?utm_source=1100&utm_campaign=Software Engineering,Remote,United States,Honeywell,10000+,$68K-$126K /yr,
Software Engineer & Computer Science - Recent Grad/Full Time (US Person Required),2026-01-06,https://jobright.ai/jobs/info/690ffe14bb519377733ea1cf?utm_source=1100&utm_campaign=Software Engineering,Remote,United States,Honeywell,10000+,$68K-$126K /yr,
"Software Engineer, Full Stack",2026-01-06,https://jobright.ai/jobs/info/6906b83a122e8474c78e07f6?utm_source=1100&utm_campaign=Software Engineering,Remote,"Multi Location
United States
New York, NY",Figma,1001-5000,"$149,000-$350,000 /yr",
"Software Engineer, Full Stack",2026-01-06,https://jobright.ai/jobs/info/6906b43363502c0aded82a7e?utm_source=1100&utm_campaign=Software Engineering,Remote,"San Francisco, CA",Figma,1001-5000,$149000-$350000 /yr,
UI Software Engineer,2026-01-06,https://jobright.ai/jobs/info/6940778a49a7695fbd05f68d?utm_source=1100&utm_campaign=Software Engineering,Remote,United States,Two Six Technologies,501-1000,$98K-$147K /yr,
Software Engineer,2026-01-06,https://jobright.ai/jobs/info/695ce571f5f3c43f38e1b17c?utm_source=1100&utm_campaign=Software Engineering,On Site,"Austin, TX",Adobe,10000+,$93K-$179K /yr,
Associate Software Development Engineer,2026-01-05,https://jobright.ai/jobs/info/695e083661d5475ac1a0c7f6?utm_source=1100&utm_campaign=Software Engineering,On Site,"Dallas, TX","XiFin, Inc.",501-1000,$70K-$90K /yr,
"Software Engineer, Cloud Growth",2026-01-05,https://jobright.ai/jobs/info/695c89c6f1f8465b79f2adf2?utm_source=1100&utm_campaign=Software Engineering,Remote,United States,Temporal Technologies,251-500,$125K-$155K /yr,
"Software Engineer, Cloud Growth",2026-01-05,https://jobright.ai/jobs/info/695c87879a87b95a9397dcab?utm_source=1100&utm_campaign=Software Engineering,Remote,United States - Remote Opportunity,Temporal Technologies,251-500,$125000-$155000 /yr,
Software Engineer - Limited Tenure,2026-01-05,https://jobright.ai/jobs/info/695c84bf5e4962051b59a25f?utm_source=1100&utm_campaign=Software Engineering,Remote,"Rochester, MN",Mayo Clinic,10000+,$100K-$140K /yr,
Software Engineer -Digital Tools &amp; Engineering - Early Career,2026-01-05,https://jobright.ai/jobs/info/695c67ba5e4962051b59839d?utm_source=1100&utm_campaign=Software Engineering,Hybrid,"Multi Location
Possible
Florida, Texas",Lockheed Martin,10000+,$62700-$110630 /yr,
IT Software Engineer,2026-01-05,https://jobright.ai/jobs/info/695c50f4f1f8465b79f270f7?utm_source=1100&utm_campaign=Software Engineering,Remote,"Multi Location
United States
Lincoln, NE
Centennial, CO
Madison, WI",Nelnet,5001-10000,$70000-$100000 /yr,
Software Engineer - Limited Tenure,2026-01-05,https://jobright.ai/jobs/info/695c432222c9dc0d3d5420b0?utm_source=1100&utm_campaign=Software Engineering,Remote,"Rochester, MN, United States",Mayo Clinic Healthcare London,251-500,"$100,339.20-$140,462.40 /yr",
"SDE, MLA hardware/software co-design, Annapurna Labs Machine Learning Acceleration",2026-01-05,https://jobright.ai/jobs/info/695c42e822c9dc0d3d54206a?utm_source=1100&utm_campaign=Software Engineering,On Site,"Multi Location
Cupertino, California, USA
Austin, Texas, USA",Amazon,10000+,"$129,800-$212,800 /yr",
Software Developer,2026-01-05,https://jobright.ai/jobs/info/6916ed7d286ccf0a1513ac42?utm_source=1100&utm_campaign=Software Engineering,Remote,Canada,Empire Life,501-1000,$76300-$125350 /yr,
Software Engineer - Neurodiversity Hiring Initiative,2026-01-05,https://jobright.ai/jobs/info/695c1075f1f8465b79f21ab3?utm_source=1100&utm_campaign=Software Engineering,On Site,"Dallas, TX",Specialisterne USA,11-50,$90000-$90000 /yr,
"Software Engineer, iOS (New Grad)",2026-01-04,https://jobright.ai/jobs/info/695b46d6aa05c26e7ab4afcf?utm_source=1100&utm_campaign=Software Engineering,Hybrid,"Multi Location
San Francisco, CA
Austin, TX
Washington, DC",Sweep360,1-10,$80K-$100K /yr,yes
Software Engineer - Developer Productivity,2026-01-04,https://jobright.ai/jobs/info/6904027cff462851feff1c71?utm_source=1100&utm_campaign=Software Engineering,Remote,"Palo Alto, CA",Rubrik,1001-5000,$126K-$190K /yr,yes
Undergrad Software Engineer - Global Industries,2026-01-04,https://jobright.ai/jobs/info/69196d14bcdbf3560c9d55b2?utm_source=1100&utm_campaign=Software Engineering,Remote,United States,Oracle,10000+,$61K-$141K /yr,
Software Engineer Security & Automation I (Full Time) – United States,2026-01-02,https://jobright.ai/jobs/info/695b6ad4aa05c26e7ab4c303?utm_source=1100&utm_campaign=Software Engineering,On Site,"Multi Location
Atlanta, GA
Fulton, MD
Dallas, TX
Hillsboro, OR
Austin, TX
Alpharetta, GA
Boston, MA",Cisco,10000+,"$104,700-$153,000 /yr",yes
"Software Engineer I, Backend (New Grad - 2025)",2026-01-02,https://jobright.ai/jobs/info/691e439109cc522e87738343?utm_source=1100&utm_campaign=Software Engineering,Remote,United States,Flex,251-500,$125K-$153K /yr,yes
Fullstack Software Engineer,2026-01-02,https://jobright.ai/jobs/info/693b1801d4054a2bc0250a90?utm_source=1100&utm_campaign=Software Engineering,Remote,Canada,Wavelo,101-250,CAD99000-CAD110000 /yr,
"Software Engineer, PhD, Early Career, Infrastructure, 2026 Start",2026-01-02,https://jobright.ai/jobs/info/68cd4ba51ad6b16f02897a9b?utm_source=1100&utm_campaign=Software Engineering,Hybrid,"Multi Location
Los Angeles, CA
Kirkland, WA
Madison, WI
Sunnyvale, CA
Atlanta, GA
Austin, TX
Mountain View, CA",Google,10000+,$141K-$202K /yr,
UI Software Engineer,2026-01-01,https://jobright.ai/jobs/info/6956fe9df1f8465b79edd382?utm_source=1100&utm_campaign=Software Engineering,Remote,United States,"Trusted Concepts, Inc.",101-250,$98K-$147K /yr,
Software Development Engineer in Test,2026-01-01,https://jobright.ai/jobs/info/6956c0799f1b381eb26ff32c?utm_source=1100&utm_campaign=Software Engineering,Remote,United States,Magnet Forensics,501-1000,$101K-$173K /yr,
